hyperparams,type
5,int
sigmoid,str
0.2984215744011278,float
418,int
0.0007565995480433036,float
