hyperparams,type
27.572037319938246,float
0.01305628749775024,float
